"","legend","hour","Trips"
"1","Testing",2021-10-22 00:00:00,1691
"2","Testing",2021-10-22 01:00:00,886
"3","Testing",2021-10-22 02:00:00,515
"4","Testing",2021-10-22 03:00:00,308
"5","Testing",2021-10-22 04:00:00,315
"6","Testing",2021-10-22 05:00:00,730
"7","Testing",2021-10-22 06:00:00,2326
"8","Testing",2021-10-22 07:00:00,5031
"9","Testing",2021-10-22 08:00:00,7268
"10","Testing",2021-10-22 09:00:00,5542
"11","Testing",2021-10-22 10:00:00,4865
"12","Testing",2021-10-22 11:00:00,5097
"13","Testing",2021-10-22 12:00:00,5895
"14","Testing",2021-10-22 13:00:00,6419
"15","Testing",2021-10-22 14:00:00,7231
"16","Testing",2021-10-22 15:00:00,7918
"17","Testing",2021-10-22 16:00:00,8660
"18","Testing",2021-10-22 17:00:00,10607
"19","Testing",2021-10-22 18:00:00,9030
"20","Testing",2021-10-22 19:00:00,6455
"21","Testing",2021-10-22 20:00:00,4428
"22","Testing",2021-10-22 21:00:00,3686
"23","Testing",2021-10-22 22:00:00,3078
"24","Testing",2021-10-22 23:00:00,2819
"25","Testing",2021-10-23 00:00:00,2439
"26","Testing",2021-10-23 01:00:00,1786
"27","Testing",2021-10-23 02:00:00,1280
"28","Testing",2021-10-23 03:00:00,793
"29","Testing",2021-10-23 04:00:00,445
"30","Testing",2021-10-23 05:00:00,316
"31","Testing",2021-10-23 06:00:00,757
"32","Testing",2021-10-23 07:00:00,1273
"33","Testing",2021-10-23 08:00:00,2292
"34","Testing",2021-10-23 09:00:00,3625
"35","Testing",2021-10-23 10:00:00,4307
"36","Testing",2021-10-23 11:00:00,5915
"37","Testing",2021-10-23 12:00:00,7186
"38","Testing",2021-10-23 13:00:00,7505
"39","Testing",2021-10-23 14:00:00,7697
"40","Testing",2021-10-23 15:00:00,7767
"41","Testing",2021-10-23 16:00:00,7296
"42","Testing",2021-10-23 17:00:00,6879
"43","Testing",2021-10-23 18:00:00,5631
"44","Testing",2021-10-23 19:00:00,4599
"45","Testing",2021-10-23 20:00:00,3282
"46","Testing",2021-10-23 21:00:00,2697
"47","Testing",2021-10-23 22:00:00,2582
"48","Testing",2021-10-23 23:00:00,2238
"49","Testing",2021-10-24 00:00:00,2058
"50","Testing",2021-10-24 01:00:00,1591
"51","Testing",2021-10-24 02:00:00,1047
"52","Testing",2021-10-24 03:00:00,660
"53","Testing",2021-10-24 04:00:00,448
"54","Testing",2021-10-24 05:00:00,234
"55","Testing",2021-10-24 06:00:00,562
"56","Testing",2021-10-24 07:00:00,1067
"57","Testing",2021-10-24 08:00:00,2035
"58","Testing",2021-10-24 09:00:00,3439
"59","Testing",2021-10-24 10:00:00,5234
"60","Testing",2021-10-24 11:00:00,6054
"61","Testing",2021-10-24 12:00:00,6622
"62","Testing",2021-10-24 13:00:00,6765
"63","Testing",2021-10-24 14:00:00,7153
"64","Testing",2021-10-24 15:00:00,7010
"65","Testing",2021-10-24 16:00:00,7255
"66","Testing",2021-10-24 17:00:00,6760
"67","Testing",2021-10-24 18:00:00,5731
"68","Testing",2021-10-24 19:00:00,3963
"69","Testing",2021-10-24 20:00:00,3051
"70","Testing",2021-10-24 21:00:00,2506
"71","Testing",2021-10-24 22:00:00,2013
"72","Testing",2021-10-24 23:00:00,925
"73","Testing",2021-10-25 00:00:00,508
"74","Testing",2021-10-25 01:00:00,246
"75","Testing",2021-10-25 02:00:00,133
"76","Testing",2021-10-25 03:00:00,103
"77","Testing",2021-10-25 04:00:00,189
"78","Testing",2021-10-25 05:00:00,705
"79","Testing",2021-10-25 06:00:00,2173
"80","Testing",2021-10-25 07:00:00,4752
"81","Testing",2021-10-25 08:00:00,6938
"82","Testing",2021-10-25 09:00:00,4710
"83","Testing",2021-10-25 10:00:00,3653
"84","Testing",2021-10-25 11:00:00,3778
"85","Testing",2021-10-25 12:00:00,4386
"86","Testing",2021-10-25 13:00:00,4578
"87","Testing",2021-10-25 14:00:00,5401
"88","Testing",2021-10-25 15:00:00,6295
"89","Testing",2021-10-25 16:00:00,7497
"90","Testing",2021-10-25 17:00:00,10216
"91","Testing",2021-10-25 18:00:00,9498
"92","Testing",2021-10-25 19:00:00,6276
"93","Testing",2021-10-25 20:00:00,4087
"94","Testing",2021-10-25 21:00:00,2786
"95","Testing",2021-10-25 22:00:00,1845
"96","Testing",2021-10-25 23:00:00,1208
"97","Testing",2021-10-26 00:00:00,524
"98","Testing",2021-10-26 01:00:00,61
"99","Testing",2021-10-26 02:00:00,78
"100","Testing",2021-10-26 03:00:00,17
"101","Testing",2021-10-26 04:00:00,42
"102","Testing",2021-10-26 05:00:00,142
"103","Testing",2021-10-26 06:00:00,307
"104","Testing",2021-10-26 07:00:00,582
"105","Testing",2021-10-26 08:00:00,1065
"106","Testing",2021-10-26 09:00:00,899
"107","Testing",2021-10-26 10:00:00,639
"108","Testing",2021-10-26 11:00:00,1865
"109","Testing",2021-10-26 12:00:00,2941
"110","Testing",2021-10-26 13:00:00,3583
"111","Testing",2021-10-26 14:00:00,4176
"112","Testing",2021-10-26 15:00:00,5081
"113","Testing",2021-10-26 16:00:00,6097
"114","Testing",2021-10-26 17:00:00,7755
"115","Testing",2021-10-26 18:00:00,7484
"116","Testing",2021-10-26 19:00:00,2416
"117","Testing",2021-10-26 20:00:00,620
"118","Testing",2021-10-26 21:00:00,601
"119","Testing",2021-10-26 22:00:00,465
"120","Testing",2021-10-26 23:00:00,390
"121","Testing",2021-10-27 00:00:00,273
"122","Testing",2021-10-27 01:00:00,174
"123","Testing",2021-10-27 02:00:00,80
"124","Testing",2021-10-27 03:00:00,44
"125","Testing",2021-10-27 04:00:00,99
"126","Testing",2021-10-27 05:00:00,594
"127","Testing",2021-10-27 06:00:00,2286
"128","Testing",2021-10-27 07:00:00,5147
"129","Testing",2021-10-27 08:00:00,7664
"130","Testing",2021-10-27 09:00:00,5317
"131","Testing",2021-10-27 10:00:00,3981
"132","Testing",2021-10-27 11:00:00,4171
"133","Testing",2021-10-27 12:00:00,4739
"134","Testing",2021-10-27 13:00:00,4934
"135","Testing",2021-10-27 14:00:00,5520
"136","Testing",2021-10-27 15:00:00,6182
"137","Testing",2021-10-27 16:00:00,7381
"138","Testing",2021-10-27 17:00:00,10139
"139","Testing",2021-10-27 18:00:00,9727
"140","Testing",2021-10-27 19:00:00,6430
"141","Testing",2021-10-27 20:00:00,4448
"142","Testing",2021-10-27 21:00:00,3427
"143","Testing",2021-10-27 22:00:00,2926
"144","Testing",2021-10-27 23:00:00,1908
"145","Testing",2021-10-28 00:00:00,1026
"146","Testing",2021-10-28 01:00:00,512
"147","Testing",2021-10-28 02:00:00,263
"148","Testing",2021-10-28 03:00:00,167
"149","Testing",2021-10-28 04:00:00,189
"150","Testing",2021-10-28 05:00:00,718
"151","Testing",2021-10-28 06:00:00,2382
"152","Testing",2021-10-28 07:00:00,5204
"153","Testing",2021-10-28 08:00:00,7739
"154","Testing",2021-10-28 09:00:00,5631
"155","Testing",2021-10-28 10:00:00,4154
"156","Testing",2021-10-28 11:00:00,4168
"157","Testing",2021-10-28 12:00:00,4856
"158","Testing",2021-10-28 13:00:00,5046
"159","Testing",2021-10-28 14:00:00,5665
"160","Testing",2021-10-28 15:00:00,6583
"161","Testing",2021-10-28 16:00:00,7469
"162","Testing",2021-10-28 17:00:00,9827
"163","Testing",2021-10-28 18:00:00,9324
"164","Testing",2021-10-28 19:00:00,6467
"165","Testing",2021-10-28 20:00:00,4344
"166","Testing",2021-10-28 21:00:00,3331
"167","Testing",2021-10-28 22:00:00,2863
"168","Testing",2021-10-28 23:00:00,2280
"169","Testing",2021-10-29 00:00:00,1479
"170","Testing",2021-10-29 01:00:00,705
"171","Testing",2021-10-29 02:00:00,468
"172","Testing",2021-10-29 03:00:00,279
"173","Testing",2021-10-29 04:00:00,244
"174","Testing",2021-10-29 05:00:00,615
"175","Testing",2021-10-29 06:00:00,2029
"176","Testing",2021-10-29 07:00:00,4192
"177","Testing",2021-10-29 08:00:00,6328
"178","Testing",2021-10-29 09:00:00,4775
"179","Testing",2021-10-29 10:00:00,4059
"180","Testing",2021-10-29 11:00:00,4423
"181","Testing",2021-10-29 12:00:00,5114
"182","Testing",2021-10-29 13:00:00,5461
"183","Testing",2021-10-29 14:00:00,6147
"184","Testing",2021-10-29 15:00:00,6549
"185","Testing",2021-10-29 16:00:00,7017
"186","Testing",2021-10-29 17:00:00,7932
"187","Testing",2021-10-29 18:00:00,6509
"188","Testing",2021-10-29 19:00:00,4297
"189","Testing",2021-10-29 20:00:00,1875
"190","Testing",2021-10-29 21:00:00,577
"191","Testing",2021-10-29 22:00:00,491
"192","Testing",2021-10-29 23:00:00,587
"193","Testing",2021-10-30 00:00:00,970
"194","Testing",2021-10-30 01:00:00,1061
"195","Testing",2021-10-30 02:00:00,707
"196","Testing",2021-10-30 03:00:00,494
"197","Testing",2021-10-30 04:00:00,184
"198","Testing",2021-10-30 05:00:00,144
"199","Testing",2021-10-30 06:00:00,552
"200","Testing",2021-10-30 07:00:00,958
"201","Testing",2021-10-30 08:00:00,1769
"202","Testing",2021-10-30 09:00:00,2384
"203","Testing",2021-10-30 10:00:00,3448
"204","Testing",2021-10-30 11:00:00,5139
"205","Testing",2021-10-30 12:00:00,6741
"206","Testing",2021-10-30 13:00:00,7194
"207","Testing",2021-10-30 14:00:00,7513
"208","Testing",2021-10-30 15:00:00,7621
"209","Testing",2021-10-30 16:00:00,7359
"210","Testing",2021-10-30 17:00:00,6398
"211","Testing",2021-10-30 18:00:00,5610
"212","Testing",2021-10-30 19:00:00,4496
"213","Testing",2021-10-30 20:00:00,3041
"214","Testing",2021-10-30 21:00:00,1765
"215","Testing",2021-10-30 22:00:00,1226
"216","Testing",2021-10-30 23:00:00,1767
"217","Testing",2021-10-31 00:00:00,1979
"218","Testing",2021-10-31 01:00:00,2069
"219","Testing",2021-10-31 02:00:00,1730
"220","Testing",2021-10-31 03:00:00,937
"221","Testing",2021-10-31 04:00:00,638
"222","Testing",2021-10-31 05:00:00,233
"223","Testing",2021-10-31 06:00:00,420
"224","Testing",2021-10-31 07:00:00,828
"225","Testing",2021-10-31 08:00:00,1698
"226","Testing",2021-10-31 09:00:00,2598
"227","Testing",2021-10-31 10:00:00,3975
"228","Testing",2021-10-31 11:00:00,5519
"229","Testing",2021-10-31 12:00:00,6846
"230","Testing",2021-10-31 13:00:00,7235
"231","Testing",2021-10-31 14:00:00,7516
"232","Testing",2021-10-31 15:00:00,7510
"233","Testing",2021-10-31 16:00:00,7469
"234","Testing",2021-10-31 17:00:00,6603
"235","Testing",2021-10-31 18:00:00,5290
"236","Testing",2021-10-31 19:00:00,3952
"237","Testing",2021-10-31 20:00:00,3450
"238","Testing",2021-10-31 21:00:00,2731
"239","Testing",2021-10-31 22:00:00,2127
"240","Testing",2021-10-31 23:00:00,1548
"241","Training",2021-10-01 00:00:00,1616
"242","Training",2021-10-01 01:00:00,901
"243","Training",2021-10-01 02:00:00,517
"244","Training",2021-10-01 03:00:00,294
"245","Training",2021-10-01 04:00:00,254
"246","Training",2021-10-01 05:00:00,701
"247","Training",2021-10-01 06:00:00,2312
"248","Training",2021-10-01 07:00:00,5070
"249","Training",2021-10-01 08:00:00,7162
"250","Training",2021-10-01 09:00:00,5361
"251","Training",2021-10-01 10:00:00,4721
"252","Training",2021-10-01 11:00:00,5169
"253","Training",2021-10-01 12:00:00,6058
"254","Training",2021-10-01 13:00:00,6484
"255","Training",2021-10-01 14:00:00,7401
"256","Training",2021-10-01 15:00:00,7939
"257","Training",2021-10-01 16:00:00,9085
"258","Training",2021-10-01 17:00:00,10934
"259","Training",2021-10-01 18:00:00,10541
"260","Training",2021-10-01 19:00:00,7376
"261","Training",2021-10-01 20:00:00,4839
"262","Training",2021-10-01 21:00:00,3761
"263","Training",2021-10-01 22:00:00,3243
"264","Training",2021-10-01 23:00:00,3134
"265","Training",2021-10-02 00:00:00,2659
"266","Training",2021-10-02 01:00:00,1926
"267","Training",2021-10-02 02:00:00,1430
"268","Training",2021-10-02 03:00:00,926
"269","Training",2021-10-02 04:00:00,536
"270","Training",2021-10-02 05:00:00,395
"271","Training",2021-10-02 06:00:00,948
"272","Training",2021-10-02 07:00:00,1667
"273","Training",2021-10-02 08:00:00,3018
"274","Training",2021-10-02 09:00:00,4911
"275","Training",2021-10-02 10:00:00,6527
"276","Training",2021-10-02 11:00:00,8106
"277","Training",2021-10-02 12:00:00,9211
"278","Training",2021-10-02 13:00:00,9424
"279","Training",2021-10-02 14:00:00,9620
"280","Training",2021-10-02 15:00:00,9514
"281","Training",2021-10-02 16:00:00,9218
"282","Training",2021-10-02 17:00:00,9029
"283","Training",2021-10-02 18:00:00,8220
"284","Training",2021-10-02 19:00:00,6236
"285","Training",2021-10-02 20:00:00,4497
"286","Training",2021-10-02 21:00:00,3643
"287","Training",2021-10-02 22:00:00,3379
"288","Training",2021-10-02 23:00:00,3360
"289","Training",2021-10-03 00:00:00,2811
"290","Training",2021-10-03 01:00:00,2138
"291","Training",2021-10-03 02:00:00,1494
"292","Training",2021-10-03 03:00:00,933
"293","Training",2021-10-03 04:00:00,566
"294","Training",2021-10-03 05:00:00,353
"295","Training",2021-10-03 06:00:00,678
"296","Training",2021-10-03 07:00:00,1259
"297","Training",2021-10-03 08:00:00,2311
"298","Training",2021-10-03 09:00:00,3945
"299","Training",2021-10-03 10:00:00,6006
"300","Training",2021-10-03 11:00:00,7348
"301","Training",2021-10-03 12:00:00,8575
"302","Training",2021-10-03 13:00:00,8894
"303","Training",2021-10-03 14:00:00,8899
"304","Training",2021-10-03 15:00:00,8925
"305","Training",2021-10-03 16:00:00,9022
"306","Training",2021-10-03 17:00:00,8451
"307","Training",2021-10-03 18:00:00,7605
"308","Training",2021-10-03 19:00:00,5511
"309","Training",2021-10-03 20:00:00,4002
"310","Training",2021-10-03 21:00:00,3011
"311","Training",2021-10-03 22:00:00,2401
"312","Training",2021-10-03 23:00:00,1685
"313","Training",2021-10-04 00:00:00,904
"314","Training",2021-10-04 01:00:00,491
"315","Training",2021-10-04 02:00:00,334
"316","Training",2021-10-04 03:00:00,136
"317","Training",2021-10-04 04:00:00,184
"318","Training",2021-10-04 05:00:00,516
"319","Training",2021-10-04 06:00:00,1640
"320","Training",2021-10-04 07:00:00,4465
"321","Training",2021-10-04 08:00:00,6680
"322","Training",2021-10-04 09:00:00,4672
"323","Training",2021-10-04 10:00:00,3257
"324","Training",2021-10-04 11:00:00,3465
"325","Training",2021-10-04 12:00:00,4470
"326","Training",2021-10-04 13:00:00,4305
"327","Training",2021-10-04 14:00:00,5117
"328","Training",2021-10-04 15:00:00,5646
"329","Training",2021-10-04 16:00:00,6247
"330","Training",2021-10-04 17:00:00,3716
"331","Training",2021-10-04 18:00:00,3812
"332","Training",2021-10-04 19:00:00,3627
"333","Training",2021-10-04 20:00:00,3255
"334","Training",2021-10-04 21:00:00,2640
"335","Training",2021-10-04 22:00:00,2129
"336","Training",2021-10-04 23:00:00,1426
"337","Training",2021-10-05 00:00:00,925
"338","Training",2021-10-05 01:00:00,384
"339","Training",2021-10-05 02:00:00,247
"340","Training",2021-10-05 03:00:00,188
"341","Training",2021-10-05 04:00:00,229
"342","Training",2021-10-05 05:00:00,830
"343","Training",2021-10-05 06:00:00,2970
"344","Training",2021-10-05 07:00:00,5539
"345","Training",2021-10-05 08:00:00,7601
"346","Training",2021-10-05 09:00:00,5382
"347","Training",2021-10-05 10:00:00,3818
"348","Training",2021-10-05 11:00:00,3795
"349","Training",2021-10-05 12:00:00,4601
"350","Training",2021-10-05 13:00:00,4955
"351","Training",2021-10-05 14:00:00,5501
"352","Training",2021-10-05 15:00:00,6386
"353","Training",2021-10-05 16:00:00,7556
"354","Training",2021-10-05 17:00:00,10873
"355","Training",2021-10-05 18:00:00,10604
"356","Training",2021-10-05 19:00:00,7313
"357","Training",2021-10-05 20:00:00,4822
"358","Training",2021-10-05 21:00:00,3728
"359","Training",2021-10-05 22:00:00,2945
"360","Training",2021-10-05 23:00:00,2303
"361","Training",2021-10-06 00:00:00,1119
"362","Training",2021-10-06 01:00:00,587
"363","Training",2021-10-06 02:00:00,336
"364","Training",2021-10-06 03:00:00,192
"365","Training",2021-10-06 04:00:00,260
"366","Training",2021-10-06 05:00:00,865
"367","Training",2021-10-06 06:00:00,2695
"368","Training",2021-10-06 07:00:00,6120
"369","Training",2021-10-06 08:00:00,8473
"370","Training",2021-10-06 09:00:00,5708
"371","Training",2021-10-06 10:00:00,4280
"372","Training",2021-10-06 11:00:00,4241
"373","Training",2021-10-06 12:00:00,5094
"374","Training",2021-10-06 13:00:00,5333
"375","Training",2021-10-06 14:00:00,6022
"376","Training",2021-10-06 15:00:00,6491
"377","Training",2021-10-06 16:00:00,7720
"378","Training",2021-10-06 17:00:00,11208
"379","Training",2021-10-06 18:00:00,11103
"380","Training",2021-10-06 19:00:00,7800
"381","Training",2021-10-06 20:00:00,4973
"382","Training",2021-10-06 21:00:00,4041
"383","Training",2021-10-06 22:00:00,3378
"384","Training",2021-10-06 23:00:00,2076
"385","Training",2021-10-07 00:00:00,1397
"386","Training",2021-10-07 01:00:00,627
"387","Training",2021-10-07 02:00:00,359
"388","Training",2021-10-07 03:00:00,260
"389","Training",2021-10-07 04:00:00,237
"390","Training",2021-10-07 05:00:00,796
"391","Training",2021-10-07 06:00:00,2682
"392","Training",2021-10-07 07:00:00,5916
"393","Training",2021-10-07 08:00:00,8216
"394","Training",2021-10-07 09:00:00,6031
"395","Training",2021-10-07 10:00:00,4431
"396","Training",2021-10-07 11:00:00,4449
"397","Training",2021-10-07 12:00:00,5331
"398","Training",2021-10-07 13:00:00,5579
"399","Training",2021-10-07 14:00:00,6132
"400","Training",2021-10-07 15:00:00,7001
"401","Training",2021-10-07 16:00:00,8126
"402","Training",2021-10-07 17:00:00,11735
"403","Training",2021-10-07 18:00:00,11561
"404","Training",2021-10-07 19:00:00,8071
"405","Training",2021-10-07 20:00:00,5286
"406","Training",2021-10-07 21:00:00,4220
"407","Training",2021-10-07 22:00:00,3408
"408","Training",2021-10-07 23:00:00,2925
"409","Training",2021-10-08 00:00:00,1727
"410","Training",2021-10-08 01:00:00,929
"411","Training",2021-10-08 02:00:00,565
"412","Training",2021-10-08 03:00:00,303
"413","Training",2021-10-08 04:00:00,271
"414","Training",2021-10-08 05:00:00,736
"415","Training",2021-10-08 06:00:00,2325
"416","Training",2021-10-08 07:00:00,5118
"417","Training",2021-10-08 08:00:00,7396
"418","Training",2021-10-08 09:00:00,5715
"419","Training",2021-10-08 10:00:00,4981
"420","Training",2021-10-08 11:00:00,5242
"421","Training",2021-10-08 12:00:00,6015
"422","Training",2021-10-08 13:00:00,6638
"423","Training",2021-10-08 14:00:00,7427
"424","Training",2021-10-08 15:00:00,7915
"425","Training",2021-10-08 16:00:00,8747
"426","Training",2021-10-08 17:00:00,10670
"427","Training",2021-10-08 18:00:00,9908
"428","Training",2021-10-08 19:00:00,6971
"429","Training",2021-10-08 20:00:00,4933
"430","Training",2021-10-08 21:00:00,3793
"431","Training",2021-10-08 22:00:00,3530
"432","Training",2021-10-08 23:00:00,3096
"433","Training",2021-10-09 00:00:00,2794
"434","Training",2021-10-09 01:00:00,2111
"435","Training",2021-10-09 02:00:00,1493
"436","Training",2021-10-09 03:00:00,1017
"437","Training",2021-10-09 04:00:00,552
"438","Training",2021-10-09 05:00:00,379
"439","Training",2021-10-09 06:00:00,788
"440","Training",2021-10-09 07:00:00,1675
"441","Training",2021-10-09 08:00:00,3044
"442","Training",2021-10-09 09:00:00,4551
"443","Training",2021-10-09 10:00:00,6306
"444","Training",2021-10-09 11:00:00,7460
"445","Training",2021-10-09 12:00:00,8275
"446","Training",2021-10-09 13:00:00,8329
"447","Training",2021-10-09 14:00:00,8436
"448","Training",2021-10-09 15:00:00,8361
"449","Training",2021-10-09 16:00:00,8036
"450","Training",2021-10-09 17:00:00,7349
"451","Training",2021-10-09 18:00:00,6975
"452","Training",2021-10-09 19:00:00,5289
"453","Training",2021-10-09 20:00:00,4152
"454","Training",2021-10-09 21:00:00,3496
"455","Training",2021-10-09 22:00:00,3093
"456","Training",2021-10-09 23:00:00,2836
"457","Training",2021-10-10 00:00:00,2397
"458","Training",2021-10-10 01:00:00,2130
"459","Training",2021-10-10 02:00:00,1561
"460","Training",2021-10-10 03:00:00,993
"461","Training",2021-10-10 04:00:00,574
"462","Training",2021-10-10 05:00:00,326
"463","Training",2021-10-10 06:00:00,520
"464","Training",2021-10-10 07:00:00,943
"465","Training",2021-10-10 08:00:00,1794
"466","Training",2021-10-10 09:00:00,3090
"467","Training",2021-10-10 10:00:00,3861
"468","Training",2021-10-10 11:00:00,4414
"469","Training",2021-10-10 12:00:00,3162
"470","Training",2021-10-10 13:00:00,1911
"471","Training",2021-10-10 14:00:00,3729
"472","Training",2021-10-10 15:00:00,4929
"473","Training",2021-10-10 16:00:00,5996
"474","Training",2021-10-10 17:00:00,5894
"475","Training",2021-10-10 18:00:00,5805
"476","Training",2021-10-10 19:00:00,4551
"477","Training",2021-10-10 20:00:00,3382
"478","Training",2021-10-10 21:00:00,2804
"479","Training",2021-10-10 22:00:00,2363
"480","Training",2021-10-10 23:00:00,1676
"481","Training",2021-10-11 00:00:00,1216
"482","Training",2021-10-11 01:00:00,709
"483","Training",2021-10-11 02:00:00,433
"484","Training",2021-10-11 03:00:00,234
"485","Training",2021-10-11 04:00:00,247
"486","Training",2021-10-11 05:00:00,563
"487","Training",2021-10-11 06:00:00,1550
"488","Training",2021-10-11 07:00:00,3123
"489","Training",2021-10-11 08:00:00,4599
"490","Training",2021-10-11 09:00:00,4316
"491","Training",2021-10-11 10:00:00,4053
"492","Training",2021-10-11 11:00:00,4686
"493","Training",2021-10-11 12:00:00,5577
"494","Training",2021-10-11 13:00:00,5826
"495","Training",2021-10-11 14:00:00,6275
"496","Training",2021-10-11 15:00:00,6998
"497","Training",2021-10-11 16:00:00,7712
"498","Training",2021-10-11 17:00:00,9783
"499","Training",2021-10-11 18:00:00,9452
"500","Training",2021-10-11 19:00:00,6711
"501","Training",2021-10-11 20:00:00,4540
"502","Training",2021-10-11 21:00:00,3355
"503","Training",2021-10-11 22:00:00,2635
"504","Training",2021-10-11 23:00:00,1785
"505","Training",2021-10-12 00:00:00,1029
"506","Training",2021-10-12 01:00:00,569
"507","Training",2021-10-12 02:00:00,332
"508","Training",2021-10-12 03:00:00,187
"509","Training",2021-10-12 04:00:00,237
"510","Training",2021-10-12 05:00:00,870
"511","Training",2021-10-12 06:00:00,2912
"512","Training",2021-10-12 07:00:00,5944
"513","Training",2021-10-12 08:00:00,8109
"514","Training",2021-10-12 09:00:00,5574
"515","Training",2021-10-12 10:00:00,4118
"516","Training",2021-10-12 11:00:00,4222
"517","Training",2021-10-12 12:00:00,4891
"518","Training",2021-10-12 13:00:00,5098
"519","Training",2021-10-12 14:00:00,5663
"520","Training",2021-10-12 15:00:00,6592
"521","Training",2021-10-12 16:00:00,7745
"522","Training",2021-10-12 17:00:00,11061
"523","Training",2021-10-12 18:00:00,11285
"524","Training",2021-10-12 19:00:00,7393
"525","Training",2021-10-12 20:00:00,5060
"526","Training",2021-10-12 21:00:00,3869
"527","Training",2021-10-12 22:00:00,2942
"528","Training",2021-10-12 23:00:00,1947
"529","Training",2021-10-13 00:00:00,1112
"530","Training",2021-10-13 01:00:00,589
"531","Training",2021-10-13 02:00:00,300
"532","Training",2021-10-13 03:00:00,189
"533","Training",2021-10-13 04:00:00,205
"534","Training",2021-10-13 05:00:00,874
"535","Training",2021-10-13 06:00:00,2771
"536","Training",2021-10-13 07:00:00,6238
"537","Training",2021-10-13 08:00:00,8409
"538","Training",2021-10-13 09:00:00,5912
"539","Training",2021-10-13 10:00:00,4286
"540","Training",2021-10-13 11:00:00,4241
"541","Training",2021-10-13 12:00:00,5030
"542","Training",2021-10-13 13:00:00,5314
"543","Training",2021-10-13 14:00:00,6045
"544","Training",2021-10-13 15:00:00,6551
"545","Training",2021-10-13 16:00:00,7788
"546","Training",2021-10-13 17:00:00,10837
"547","Training",2021-10-13 18:00:00,10615
"548","Training",2021-10-13 19:00:00,7397
"549","Training",2021-10-13 20:00:00,5116
"550","Training",2021-10-13 21:00:00,3935
"551","Training",2021-10-13 22:00:00,3279
"552","Training",2021-10-13 23:00:00,2262
"553","Training",2021-10-14 00:00:00,1163
"554","Training",2021-10-14 01:00:00,609
"555","Training",2021-10-14 02:00:00,376
"556","Training",2021-10-14 03:00:00,237
"557","Training",2021-10-14 04:00:00,248
"558","Training",2021-10-14 05:00:00,828
"559","Training",2021-10-14 06:00:00,2732
"560","Training",2021-10-14 07:00:00,5935
"561","Training",2021-10-14 08:00:00,8406
"562","Training",2021-10-14 09:00:00,6051
"563","Training",2021-10-14 10:00:00,4574
"564","Training",2021-10-14 11:00:00,4751
"565","Training",2021-10-14 12:00:00,5453
"566","Training",2021-10-14 13:00:00,5888
"567","Training",2021-10-14 14:00:00,6279
"568","Training",2021-10-14 15:00:00,7213
"569","Training",2021-10-14 16:00:00,8143
"570","Training",2021-10-14 17:00:00,11482
"571","Training",2021-10-14 18:00:00,11389
"572","Training",2021-10-14 19:00:00,7732
"573","Training",2021-10-14 20:00:00,5314
"574","Training",2021-10-14 21:00:00,4158
"575","Training",2021-10-14 22:00:00,3802
"576","Training",2021-10-14 23:00:00,2768
"577","Training",2021-10-15 00:00:00,1898
"578","Training",2021-10-15 01:00:00,1006
"579","Training",2021-10-15 02:00:00,580
"580","Training",2021-10-15 03:00:00,329
"581","Training",2021-10-15 04:00:00,290
"582","Training",2021-10-15 05:00:00,810
"583","Training",2021-10-15 06:00:00,2390
"584","Training",2021-10-15 07:00:00,5097
"585","Training",2021-10-15 08:00:00,7103
"586","Training",2021-10-15 09:00:00,5628
"587","Training",2021-10-15 10:00:00,4813
"588","Training",2021-10-15 11:00:00,5182
"589","Training",2021-10-15 12:00:00,5993
"590","Training",2021-10-15 13:00:00,6555
"591","Training",2021-10-15 14:00:00,7320
"592","Training",2021-10-15 15:00:00,8136
"593","Training",2021-10-15 16:00:00,9210
"594","Training",2021-10-15 17:00:00,10932
"595","Training",2021-10-15 18:00:00,10104
"596","Training",2021-10-15 19:00:00,7428
"597","Training",2021-10-15 20:00:00,5259
"598","Training",2021-10-15 21:00:00,4194
"599","Training",2021-10-15 22:00:00,3921
"600","Training",2021-10-15 23:00:00,3412
"601","Training",2021-10-16 00:00:00,3091
"602","Training",2021-10-16 01:00:00,2264
"603","Training",2021-10-16 02:00:00,1733
"604","Training",2021-10-16 03:00:00,986
"605","Training",2021-10-16 04:00:00,603
"606","Training",2021-10-16 05:00:00,370
"607","Training",2021-10-16 06:00:00,809
"608","Training",2021-10-16 07:00:00,1808
"609","Training",2021-10-16 08:00:00,3077
"610","Training",2021-10-16 09:00:00,4821
"611","Training",2021-10-16 10:00:00,6447
"612","Training",2021-10-16 11:00:00,7758
"613","Training",2021-10-16 12:00:00,8664
"614","Training",2021-10-16 13:00:00,8683
"615","Training",2021-10-16 14:00:00,8861
"616","Training",2021-10-16 15:00:00,8957
"617","Training",2021-10-16 16:00:00,8688
"618","Training",2021-10-16 17:00:00,6713
"619","Training",2021-10-16 18:00:00,4840
"620","Training",2021-10-16 19:00:00,4469
"621","Training",2021-10-16 20:00:00,1741
"622","Training",2021-10-16 21:00:00,655
"623","Training",2021-10-16 22:00:00,713
"624","Training",2021-10-16 23:00:00,1280
"625","Training",2021-10-17 00:00:00,1655
"626","Training",2021-10-17 01:00:00,1245
"627","Training",2021-10-17 02:00:00,1125
"628","Training",2021-10-17 03:00:00,758
"629","Training",2021-10-17 04:00:00,479
"630","Training",2021-10-17 05:00:00,273
"631","Training",2021-10-17 06:00:00,680
"632","Training",2021-10-17 07:00:00,1173
"633","Training",2021-10-17 08:00:00,2363
"634","Training",2021-10-17 09:00:00,3835
"635","Training",2021-10-17 10:00:00,5542
"636","Training",2021-10-17 11:00:00,6783
"637","Training",2021-10-17 12:00:00,7743
"638","Training",2021-10-17 13:00:00,7906
"639","Training",2021-10-17 14:00:00,7806
"640","Training",2021-10-17 15:00:00,7775
"641","Training",2021-10-17 16:00:00,7838
"642","Training",2021-10-17 17:00:00,7030
"643","Training",2021-10-17 18:00:00,5471
"644","Training",2021-10-17 19:00:00,3999
"645","Training",2021-10-17 20:00:00,3000
"646","Training",2021-10-17 21:00:00,2347
"647","Training",2021-10-17 22:00:00,1779
"648","Training",2021-10-17 23:00:00,1256
"649","Training",2021-10-18 00:00:00,742
"650","Training",2021-10-18 01:00:00,392
"651","Training",2021-10-18 02:00:00,191
"652","Training",2021-10-18 03:00:00,132
"653","Training",2021-10-18 04:00:00,179
"654","Training",2021-10-18 05:00:00,757
"655","Training",2021-10-18 06:00:00,2241
"656","Training",2021-10-18 07:00:00,5127
"657","Training",2021-10-18 08:00:00,7149
"658","Training",2021-10-18 09:00:00,4822
"659","Training",2021-10-18 10:00:00,3563
"660","Training",2021-10-18 11:00:00,3627
"661","Training",2021-10-18 12:00:00,4218
"662","Training",2021-10-18 13:00:00,4446
"663","Training",2021-10-18 14:00:00,4816
"664","Training",2021-10-18 15:00:00,5565
"665","Training",2021-10-18 16:00:00,6597
"666","Training",2021-10-18 17:00:00,9002
"667","Training",2021-10-18 18:00:00,8369
"668","Training",2021-10-18 19:00:00,5559
"669","Training",2021-10-18 20:00:00,3757
"670","Training",2021-10-18 21:00:00,2579
"671","Training",2021-10-18 22:00:00,1841
"672","Training",2021-10-18 23:00:00,1231
"673","Training",2021-10-19 00:00:00,658
"674","Training",2021-10-19 01:00:00,316
"675","Training",2021-10-19 02:00:00,198
"676","Training",2021-10-19 03:00:00,151
"677","Training",2021-10-19 04:00:00,187
"678","Training",2021-10-19 05:00:00,837
"679","Training",2021-10-19 06:00:00,2538
"680","Training",2021-10-19 07:00:00,5723
"681","Training",2021-10-19 08:00:00,7770
"682","Training",2021-10-19 09:00:00,5355
"683","Training",2021-10-19 10:00:00,3736
"684","Training",2021-10-19 11:00:00,3929
"685","Training",2021-10-19 12:00:00,4450
"686","Training",2021-10-19 13:00:00,4750
"687","Training",2021-10-19 14:00:00,5415
"688","Training",2021-10-19 15:00:00,6273
"689","Training",2021-10-19 16:00:00,7457
"690","Training",2021-10-19 17:00:00,10627
"691","Training",2021-10-19 18:00:00,10214
"692","Training",2021-10-19 19:00:00,6705
"693","Training",2021-10-19 20:00:00,4462
"694","Training",2021-10-19 21:00:00,3473
"695","Training",2021-10-19 22:00:00,2759
"696","Training",2021-10-19 23:00:00,1720
"697","Training",2021-10-20 00:00:00,998
"698","Training",2021-10-20 01:00:00,515
"699","Training",2021-10-20 02:00:00,314
"700","Training",2021-10-20 03:00:00,175
"701","Training",2021-10-20 04:00:00,227
"702","Training",2021-10-20 05:00:00,865
"703","Training",2021-10-20 06:00:00,2702
"704","Training",2021-10-20 07:00:00,5826
"705","Training",2021-10-20 08:00:00,8340
"706","Training",2021-10-20 09:00:00,5825
"707","Training",2021-10-20 10:00:00,4265
"708","Training",2021-10-20 11:00:00,4400
"709","Training",2021-10-20 12:00:00,5164
"710","Training",2021-10-20 13:00:00,5534
"711","Training",2021-10-20 14:00:00,6131
"712","Training",2021-10-20 15:00:00,6822
"713","Training",2021-10-20 16:00:00,8084
"714","Training",2021-10-20 17:00:00,11658
"715","Training",2021-10-20 18:00:00,11198
"716","Training",2021-10-20 19:00:00,7392
"717","Training",2021-10-20 20:00:00,5142
"718","Training",2021-10-20 21:00:00,3901
"719","Training",2021-10-20 22:00:00,3466
"720","Training",2021-10-20 23:00:00,2539
"721","Training",2021-10-21 00:00:00,1385
"722","Training",2021-10-21 01:00:00,630
"723","Training",2021-10-21 02:00:00,322
"724","Training",2021-10-21 03:00:00,193
"725","Training",2021-10-21 04:00:00,243
"726","Training",2021-10-21 05:00:00,813
"727","Training",2021-10-21 06:00:00,2742
"728","Training",2021-10-21 07:00:00,5960
"729","Training",2021-10-21 08:00:00,8473
"730","Training",2021-10-21 09:00:00,6083
"731","Training",2021-10-21 10:00:00,4619
"732","Training",2021-10-21 11:00:00,4603
"733","Training",2021-10-21 12:00:00,5291
"734","Training",2021-10-21 13:00:00,5401
"735","Training",2021-10-21 14:00:00,6240
"736","Training",2021-10-21 15:00:00,7052
"737","Training",2021-10-21 16:00:00,8036
"738","Training",2021-10-21 17:00:00,11406
"739","Training",2021-10-21 18:00:00,10886
"740","Training",2021-10-21 19:00:00,7370
"741","Training",2021-10-21 20:00:00,5227
"742","Training",2021-10-21 21:00:00,4078
"743","Training",2021-10-21 22:00:00,3465
"744","Training",2021-10-21 23:00:00,2535
